model,accuracy,balanced_accuracy,macro_f1,weighted_f1
CalibratedStacking_exp4,0.9,0.8208968100347411,0.8464472393635116,0.898777626854941
HistGradientBoosting_exp2,0.902667,0.817669,0.84502,0.901012
Stacking_exp3,0.9,0.8278005819385129,0.844879095381037,0.8991517205644608
RandomForest_exp1,0.885333,0.797105,0.826197,0.883908
Dummy_most_frequent,0.364,0.2,0.106745,0.194276
