split,accuracy,balanced_accuracy,macro_f1,weighted_f1
validation,0.88,0.7541923391923391,0.7955158356721437,0.8758411857052655
test,0.9,0.8278005819385129,0.844879095381037,0.8991517205644608
